track_id,song_title,artist_name,danceability,energy,key,loudness,mode,speechiness,acousticness,instrumentalness,liveness,valence,tempo,id,duration_ms
59uQI0PADDKeE6UZDTJEe8,Last Night,Morgan Wallen,0.517,0.675,6,-5.382,1,0.0357,0.459,0.0,0.151,0.518,203.853,59uQI0PADDKeE6UZDTJEe8,163855
1Lo0QY9cvc8sUB2vnIOxDT,Fast Car,Luke Combs,0.712,0.603,8,-5.52,1,0.0262,0.186,0.0,0.115,0.67,97.994,1Lo0QY9cvc8sUB2vnIOxDT,265493
1s7oOCT8vauUh01PbJD6ps,Calm Down,Rema & Selena Gomez,0.799,0.802,11,-5.196,1,0.0371,0.429,0.00128,0.171,0.811,107.008,1s7oOCT8vauUh01PbJD6ps,239318
1s7oOCT8vauUh01PbJD6ps,Calm Down (with Selena Gomez),Rema,0.799,0.802,11,-5.196,1,0.0371,0.429,0.00128,0.171,0.811,107.008,1s7oOCT8vauUh01PbJD6ps,239318
0yLdNVWF3Srea0uzk55zFn,Flowers,Miley Cyrus,0.707,0.681,0,-4.325,1,0.0668,0.0632,5.15e-06,0.0322,0.646,117.999,0yLdNVWF3Srea0uzk55zFn,200455
6HgWWaMu31KdOpEG5l28BG,All My Life,Lil Durk Featuring J. Cole,0.829,0.436,3,-8.205,1,0.327,0.15,0.0,0.0954,0.693,143.031,6HgWWaMu31KdOpEG5l28BG,223204
1SRw5p2lVAi7RGlHEmZg66,Favorite Song,Toosii,0.816,0.367,2,-9.354,1,0.0588,0.314,0.0,0.0987,0.413,116.035,1SRw5p2lVAi7RGlHEmZg66,208630
3cbbb7H5k6yXNndjZ0AJuV,Karma,Taylor Swift Featuring Ice Spice,0.662,0.603,11,-5.595,0,0.364,0.348,0.0,0.085,0.599,133.629,3cbbb7H5k6yXNndjZ0AJuV,104160
1Qrg8KqiBpW07V7PNxwwwL,Kill Bill,SZA,0.644,0.735,8,-5.747,1,0.0391,0.0521,0.144,0.161,0.418,88.98,1Qrg8KqiBpW07V7PNxwwwL,153947
2dHHgzDwk4BJdRwy9uXhTO,Creepin',"Metro Boomin, The Weeknd & 21 Savage",0.715,0.62,1,-6.005,0,0.0484,0.417,0.0,0.0822,0.172,97.95,2dHHgzDwk4BJdRwy9uXhTO,221520
2dHHgzDwk4BJdRwy9uXhTO,Creepin' (with The Weeknd & 21 Savage),Metro Boomin,0.715,0.62,1,-6.005,0,0.0484,0.417,0.0,0.0822,0.172,97.95,2dHHgzDwk4BJdRwy9uXhTO,221520
7tl5FUIgREcrcJZyrdt4DX,Ella Baila Sola,Eslabon Armado X Peso Pluma,0.441,0.286,5,-10.795,0,0.0283,0.896,0.657,0.115,0.238,147.222,7tl5FUIgREcrcJZyrdt4DX,130111
0JXXNGljqupsJaZsgSbMZV,Sure Thing,Miguel,0.684,0.607,11,-8.127,0,0.1,0.0267,0.000307,0.191,0.498,81.001,0JXXNGljqupsJaZsgSbMZV,195373
0V3wPSX9ygBnCm8psDIegu,Anti-Hero,Taylor Swift,0.637,0.643,4,-6.571,1,0.0519,0.13,1.8e-06,0.142,0.533,97.008,0V3wPSX9ygBnCm8psDIegu,200690
4iZ4pt7kvcaH6Yo8UoZ4s2,Snooze,SZA,0.559,0.551,5,-7.231,1,0.132,0.141,0.0,0.11,0.392,143.008,4iZ4pt7kvcaH6Yo8UoZ4s2,201800
3WMj8moIAXJhHsyLaqIIHI,Something In The Orange,Zach Bryan,0.369,0.192,4,-12.151,0,0.04,0.555,8.35e-06,0.0954,0.148,175.212,3WMj8moIAXJhHsyLaqIIHI,228013
3PgzETYsLdGnGA4dQnpCdy,Die For You,The Weeknd & Ariana Grande,0.507,0.0611,2,-26.901,1,0.0665,0.977,0.87,0.17,0.375,66.675,3PgzETYsLdGnGA4dQnpCdy,231845
4rXLjWdF2ZZpXCVTfWcshS,Fukumean,Gunna,0.847,0.622,1,-6.747,0,0.0903,0.119,0.0,0.285,0.22,130.001,4rXLjWdF2ZZpXCVTfWcshS,125040
4rXLjWdF2ZZpXCVTfWcshS,fukumean,Gunna,0.847,0.622,1,-6.747,0,0.0903,0.119,0.0,0.285,0.22,130.001,4rXLjWdF2ZZpXCVTfWcshS,125040
5twSy6ffBrF03mnNUsUgJZ,Need A Favor,Jelly Roll,0.504,0.771,6,-4.231,1,0.0319,0.0123,1.89e-05,0.078,0.555,157.985,5twSy6ffBrF03mnNUsUgJZ,197400
1BxfuPKGuaTgP7aM0Bbdwr,Cruel Summer,Taylor Swift,0.552,0.702,9,-5.707,1,0.157,0.117,2.06e-05,0.105,0.564,169.994,1BxfuPKGuaTgP7aM0Bbdwr,178427
2UW7JaomAMuX9pZrjVpHAU,La Bebe,Yng Lvcas x Peso Pluma,0.812,0.479,2,-5.678,0,0.333,0.213,1.21e-06,0.0756,0.559,169.922,2UW7JaomAMuX9pZrjVpHAU,234353
2UW7JaomAMuX9pZrjVpHAU,La Bebe - Remix,Yng Lvcas,0.812,0.479,2,-5.678,0,0.333,0.213,1.21e-06,0.0756,0.559,169.922,2UW7JaomAMuX9pZrjVpHAU,234353
5W4kiM2cUYBJXKRudNyxjW,You Proof,Morgan Wallen,0.732,0.839,9,-5.007,1,0.0345,0.265,0.0,0.602,0.629,119.724,5W4kiM2cUYBJXKRudNyxjW,157478
6kUjDchrViIRBJyXggSGHz,Un x100to,Grupo Frontera X Bad Bunny,0.374,0.471,9,-9.89,1,0.0334,0.169,0.126,0.167,0.493,165.958,6kUjDchrViIRBJyXggSGHz,192199
0PAcdVzhPO4gq1Iym9ESnK,Thinkin' Bout Me,Morgan Wallen,0.656,0.757,3,-5.775,0,0.0308,0.492,0.0,0.117,0.429,139.971,0PAcdVzhPO4gq1Iym9ESnK,177388
1TE8AAk9koG0UJco6ZAUfx,Rock And A Hard Place,Bailey Zimmerman,0.582,0.568,1,-7.3,1,0.0275,0.577,0.0,0.105,0.394,121.991,1TE8AAk9koG0UJco6ZAUfx,207541
7FbrGaHYVDmfr7KoLIZnQ7,Cupid,Fifty Fifty,0.783,0.592,11,-8.332,0,0.0331,0.435,4.15e-06,0.347,0.726,120.018,7FbrGaHYVDmfr7KoLIZnQ7,174253
7FbrGaHYVDmfr7KoLIZnQ7,Cupid - Twin Ver.,FIFTY FIFTY,0.783,0.592,11,-8.332,0,0.0331,0.435,4.15e-06,0.347,0.726,120.018,7FbrGaHYVDmfr7KoLIZnQ7,174253
7aRCf5cLOFN1U7kvtChY1G,Search & Rescue,Drake,0.817,0.44,10,-8.482,0,0.0734,0.0603,1.42e-06,0.33,0.544,142.024,7aRCf5cLOFN1U7kvtChY1G,272113
5w40ZYhbBMAlHYNDaVJIUu,Chemical,Post Malone,0.498,0.897,2,-4.907,1,0.045,0.00136,0.0,0.118,0.373,169.902,5w40ZYhbBMAlHYNDaVJIUu,184013
07bsRv0pcpbG4zJeLsUs1p,Eyes Closed,Ed Sheeran,0.777,0.526,2,-6.221,1,0.0645,0.302,0.0,0.105,0.389,107.071,07bsRv0pcpbG4zJeLsUs1p,194849
2lNTHWu2I5Tcz9ukWsV5Jj,Next Thing You Know,Jordan Davis,0.557,0.597,5,-8.296,1,0.048,0.646,0.0,0.0974,0.414,78.526,2lNTHWu2I5Tcz9ukWsV5Jj,175238
3OGCNLxpBmTYRxPZg2yDE5,Back To The Moon,Gunna,0.767,0.662,5,-4.856,0,0.0578,0.103,0.0,0.123,0.259,143.943,3OGCNLxpBmTYRxPZg2yDE5,193333
7ro0hRteUMfnOioTFI5TG1,Where She Goes,Bad Bunny,0.652,0.8,9,-4.019,0,0.0614,0.143,0.629,0.112,0.234,143.978,7ro0hRteUMfnOioTFI5TG1,231704
7ro0hRteUMfnOioTFI5TG1,WHERE SHE GOES,Bad Bunny,0.652,0.8,9,-4.019,0,0.0614,0.143,0.629,0.112,0.234,143.978,7ro0hRteUMfnOioTFI5TG1,231704
11xC6P3iKYpFThT6Ce1KdG,Attention,Doja Cat,0.759,0.567,2,-7.911,1,0.248,0.118,0.0278,0.105,0.421,87.981,11xC6P3iKYpFThT6Ce1KdG,277044
4LrwsbGS7fVGNaV1SbGqyr,I'm Good (Blue),David Guetta & Bebe Rexha,0.561,0.965,7,-3.673,0,0.0343,0.00383,7.07e-06,0.371,0.304,128.04,4LrwsbGS7fVGNaV1SbGqyr,175238
3Qu3Zh4WTKhP9GEXo0aDnb,Thought You Should Know,Morgan Wallen,0.53,0.678,6,-6.16,1,0.0278,0.506,6.23e-06,0.138,0.508,140.05,3Qu3Zh4WTKhP9GEXo0aDnb,215572
1vYXt7VSjH9JIM5oRRo7vA,Dance The Night,Dua Lipa,0.671,0.845,11,-4.93,0,0.048,0.0207,0.0,0.329,0.775,110.056,1vYXt7VSjH9JIM5oRRo7vA,176579
2KtGiBi5CrX2ERPD2PAS34,Dancin' In The Country,Tyler Hubbard,0.657,0.871,7,-4.614,1,0.0675,0.0031,0.0,0.102,0.532,114.974,2KtGiBi5CrX2ERPD2PAS34,179640
0bILU0UiNDmA5Ff6whhb2R,Religiously,Bailey Zimmerman,0.57,0.67,1,-6.519,1,0.0274,0.426,0.0,0.108,0.593,140.924,0bILU0UiNDmA5Ff6whhb2R,178723
4UbgDSQIgLFpwfH3YLCuQX,"Boy's A Liar, Pt. 2",PinkPantheress & Ice Spice,0.726,0.659,8,-6.877,0,0.1,0.731,2.17e-05,0.261,0.714,141.987,4UbgDSQIgLFpwfH3YLCuQX,218906
5kB6WithhB8Iv08EMNmAbt,Memory Lane,Old Dominion,0.645,0.8,6,-4.272,1,0.0363,0.0189,1.12e-05,0.0858,0.375,118.977,5kB6WithhB8Iv08EMNmAbt,172480
6c6WmIHcHlhccEwSFBhzNa,Put It On Da Floor Again,Latto Featuring Cardi B,0.849,0.614,1,-7.323,1,0.317,0.0282,0.0,0.0603,0.472,111.363,6c6WmIHcHlhccEwSFBhzNa,185748
7sliFe6W30tPBPh6dvZsIH,Area Codes,Kali,0.823,0.388,1,-10.867,1,0.491,0.0187,0.0,0.0876,0.507,154.569,7sliFe6W30tPBPh6dvZsIH,139326
1fXnu2HzxbDtoyvFPWG3Bw,Stand By Me,Lil Durk Featuring Morgan Wallen,0.756,0.582,11,-7.726,1,0.0343,0.0592,0.0,0.161,0.605,134.07,1fXnu2HzxbDtoyvFPWG3Bw,218489
2rjv9fXzpZDbB6lEeIoB3l,Rodeo Dr,Gunna,0.8,0.754,1,-5.259,0,0.216,0.0668,0.0,0.278,0.334,134.136,2rjv9fXzpZDbB6lEeIoB3l,176947
6DLbBlGIOjjEj0dNN25zhZ,Tennessee Orange,Megan Moroney,0.38,0.488,9,-6.637,1,0.029,0.126,7.23e-06,0.115,0.268,156.031,6DLbBlGIOjjEj0dNN25zhZ,223120
5AqiaZwhmC6dIbgWrD5SzV,"Bzrp Music Sessions, Vol. 55",Bizarrap & Peso Pluma,0.854,0.668,5,-7.848,0,0.0466,0.264,5.61e-05,0.117,0.805,132.966,5AqiaZwhmC6dIbgWrD5SzV,187660
5AqiaZwhmC6dIbgWrD5SzV,"Peso Pluma: Bzrp Music Sessions, Vol. 55",Bizarrap,0.854,0.668,5,-7.848,0,0.0466,0.264,5.61e-05,0.117,0.805,132.966,5AqiaZwhmC6dIbgWrD5SzV,187660
3qXsX3mYSsD1DmAvc3PE3N,Love You Anyway,Luke Combs,0.532,0.489,4,-7.419,1,0.0311,0.149,0.0,0.237,0.32,139.807,3qXsX3mYSsD1DmAvc3PE3N,229627
7K3BhSpAxZBznislvUMVtn,One Thing At A Time,Morgan Wallen,0.492,0.675,6,-5.456,1,0.0389,0.467,0.0,0.142,0.478,203.759,7K3BhSpAxZBznislvUMVtn,163855
7K3BhSpAxZBznislvUMVtn,Last Night,Morgan Wallen,0.492,0.675,6,-5.456,1,0.0389,0.467,0.0,0.142,0.478,203.759,7K3BhSpAxZBznislvUMVtn,163855
368eeEO3Y2uZUQ6S5oIjcu,TQM,Fuerza Regida,0.786,0.853,5,-4.955,0,0.0589,0.273,0.0,0.106,0.963,125.107,368eeEO3Y2uZUQ6S5oIjcu,157252
6UN73IYd0hZxLi8wFPMQij,Players,Coi Leray,0.954,0.516,6,-5.817,1,0.16,0.03,7.54e-06,0.0504,0.624,105.001,6UN73IYd0hZxLi8wFPMQij,139560
5IgjP7X4th6nMNDh4akUHb,Under The Influence,Chris Brown,0.733,0.69,9,-5.529,0,0.0427,0.0635,1.18e-06,0.105,0.31,116.992,5IgjP7X4th6nMNDh4akUHb,184613
1brnLTvarI9D1hLP6z2Ar8,Thank God,Kane Brown With Katelyn Brown,0.738,0.455,3,-8.735,1,0.0352,0.695,0.0,0.107,0.441,99.945,1brnLTvarI9D1hLP6z2Ar8,174560
1h0rVgfuKa6V9DkVSLAc4Q,Back At It,Gunna,0.742,0.543,8,-8.77,0,0.211,0.125,0.0,0.237,0.407,129.091,1h0rVgfuKa6V9DkVSLAc4Q,186173
6GoVUO5vla1JtUj2rq9Yl4,Bread & Butter,Gunna,0.803,0.649,9,-4.294,0,0.213,0.111,0.0,0.111,0.135,85.037,6GoVUO5vla1JtUj2rq9Yl4,226360
3LQTkQYGK0F8ZM5zaVi6qa,Princess Diana,Ice Spice & Nicki Minaj,0.673,0.704,7,-6.088,1,0.344,0.189,1.61e-06,0.685,0.399,173.929,3LQTkQYGK0F8ZM5zaVi6qa,160690
6n2P81rPk2RTzwnNNgFOdb,Bye,Peso Pluma,0.782,0.812,0,-6.613,1,0.0469,0.567,0.00045,0.101,0.7,122.063,6n2P81rPk2RTzwnNNgFOdb,212976
5rurggqwwudn9clMdcchxT,Calling,"Metro Boomin, Swae Lee & NAV Featuring A Boogie Wit da Hoodie",0.631,0.535,0,-7.836,1,0.0842,0.464,0.0,0.115,0.22,140.127,5rurggqwwudn9clMdcchxT,219453
5rurggqwwudn9clMdcchxT,"Calling (Spider-Man: Across the Spider-Verse) (Metro Boomin & Swae Lee, NAV, feat. A Boogie Wit da Hoodie)",Metro Boomin,0.631,0.535,0,-7.836,1,0.0842,0.464,0.0,0.115,0.22,140.127,5rurggqwwudn9clMdcchxT,219453
1odExI7RdWc4BT515LTAwj,Daylight,David Kushner,0.508,0.43,2,-9.475,0,0.0335,0.83,0.000441,0.093,0.324,130.09,1odExI7RdWc4BT515LTAwj,212954
1O8zCu3dLLPxkbGfIsbRgE,What It Is (Block Boy),Doechii Featuring Kodak Black,0.731,0.744,1,-5.77,0,0.174,0.109,0.0,0.123,0.727,171.859,1O8zCu3dLLPxkbGfIsbRgE,223344
39MK3d3fonIP8Mz9oHCTBB,Annihilate,"Metro Boomin, Swae Lee, Lil Wayne & Offset",0.611,0.483,11,-6.216,0,0.055,0.214,0.0,0.124,0.204,145.983,39MK3d3fonIP8Mz9oHCTBB,231747
2mltIbKkhQqyh8gCzaqxqA,Bury Me In Georgia,Kane Brown,0.391,0.816,2,-5.746,0,0.066,0.0169,0.0,0.0893,0.457,160.001,2mltIbKkhQqyh8gCzaqxqA,170683
48rsYvIQXUAtxcmIoStOaM,Ca$h $hit,Gunna,0.795,0.55,7,-5.704,0,0.0882,0.123,0.0,0.0873,0.152,119.975,48rsYvIQXUAtxcmIoStOaM,131493
0AAMnNeIc6CdnfNU85GwCH,Self Love,Metro Boomin & Coi Leray,0.775,0.298,9,-9.351,1,0.0517,0.211,0.000233,0.132,0.0472,120.091,0AAMnNeIc6CdnfNU85GwCH,189467
6WKh2qSTswuv8QG60Wu29F,Bottom,Gunna,0.926,0.57,10,-5.226,0,0.047,0.0551,0.00134,0.109,0.232,130.011,6WKh2qSTswuv8QG60Wu29F,177347
4aSRUXfKuBbmje0eXNukuL,It Matters To Her,Scotty McCreery,0.516,0.752,7,-5.09,1,0.0333,0.00528,3.78e-05,0.251,0.482,105.007,4aSRUXfKuBbmje0eXNukuL,171880
0caJ2wkqp4UmXBwdR2JvB5,Dial Drunk,Noah Kahan,0.693,0.595,8,-7.578,1,0.0311,0.0969,0.0,0.113,0.646,112.02,0caJ2wkqp4UmXBwdR2JvB5,213817
2mpoNBkngUEwnaKoBhZ0vl,PRC,Peso Pluma X Natanael Cano,0.784,0.826,7,-6.34,0,0.0538,0.0965,7.09e-05,0.123,0.893,138.078,2mpoNBkngUEwnaKoBhZ0vl,184066
2VzCjpKvPB1l1tqLndtAQa,Por Las Noches,Peso Pluma,0.807,0.595,0,-7.19,1,0.0325,0.31,2.44e-05,0.0735,0.392,92.491,2VzCjpKvPB1l1tqLndtAQa,239845
0gWrMbx6pbdH3n3nsLjE55,Mourning,Post Malone,0.596,0.651,9,-4.604,1,0.0331,0.0971,0.0,0.279,0.255,73.959,0gWrMbx6pbdH3n3nsLjE55,147819
6Ec5LeRzkisa5KJtwLfOoW,Am I Dreaming,"Metro Boomin, A$AP Rocky & Roisee",0.599,0.526,9,-7.812,0,0.0385,0.0408,0.00256,0.209,0.134,90.018,6Ec5LeRzkisa5KJtwLfOoW,256027
5iE3eUH2WGCXcE2xr6DEmU,Waffle House,Jonas Brothers,0.729,0.763,10,-4.407,1,0.0363,0.033,1e-06,0.192,0.864,126.002,5iE3eUH2WGCXcE2xr6DEmU,145441
7KA4W4McWYRpgf0fWsJZWB,See You Again,"Tyler, The Creator Featuring Kali Uchis",0.558,0.559,6,-9.222,1,0.0959,0.371,7.49e-06,0.109,0.62,78.558,7KA4W4McWYRpgf0fWsJZWB,180387
7KA4W4McWYRpgf0fWsJZWB,See You Again (feat. Kali Uchis),"Tyler, The Creator",0.558,0.559,6,-9.222,1,0.0959,0.371,7.49e-06,0.109,0.62,78.558,7KA4W4McWYRpgf0fWsJZWB,180387
0DWdj2oZMBFSzRsi2Cvfzf,TQG,Karol G x Shakira,0.72,0.63,4,-3.547,0,0.277,0.673,0.0,0.0936,0.607,179.974,0DWdj2oZMBFSzRsi2Cvfzf,199440
0DWdj2oZMBFSzRsi2Cvfzf,TQG,KAROL G,0.72,0.63,4,-3.547,0,0.277,0.673,0.0,0.0936,0.607,179.974,0DWdj2oZMBFSzRsi2Cvfzf,199440
7ETjhPaIU4UmHOiimJBZz9,Your Heart Or Mine,Jon Pardi,0.639,0.713,5,-4.368,0,0.0337,0.0539,0.0,0.102,0.717,86.1,7ETjhPaIU4UmHOiimJBZz9,161200
2KcQ0PbPj0O3P48B9YX7iN,Peaches & Eggplants,Young Nudy Featuring 21 Savage,0.911,0.536,4,-7.884,0,0.282,0.00897,3.73e-06,0.111,0.584,146.014,2KcQ0PbPj0O3P48B9YX7iN,203813
1haJsMtoBhHfvuM7XWuT3W,El Azul,Junior H x Peso Pluma,0.558,0.648,9,-7.081,0,0.055,0.226,7.76e-06,0.0986,0.844,143.876,1haJsMtoBhHfvuM7XWuT3W,187226
1haJsMtoBhHfvuM7XWuT3W,El Azul,Junior H,0.558,0.648,9,-7.081,0,0.055,0.226,7.76e-06,0.0986,0.844,143.876,1haJsMtoBhHfvuM7XWuT3W,187226
2BLlpdGCv0IErmH3OBGHYJ,"You, Me, & Whiskey",Justin Moore & Priscilla Block,0.555,0.88,0,-4.351,0,0.0535,0.0803,0.0,0.174,0.422,144.076,2BLlpdGCv0IErmH3OBGHYJ,187941
7MLGkncjEGTfKHpNa5UgCQ,IDK NoMore,Gunna,0.395,0.667,5,-5.237,0,0.215,0.262,0.0,0.0858,0.368,79.905,7MLGkncjEGTfKHpNa5UgCQ,179480
2k2Z7yadTBdOM8oObjzslj,P Angels,Gunna,0.894,0.533,1,-7.861,0,0.412,0.124,0.0,0.109,0.392,120.031,2k2Z7yadTBdOM8oObjzslj,176160
7fveJ3pk1eSfxBdVkzdXZ0,Cowgirls,Morgan Wallen Featuring ERNEST,0.624,0.766,8,-3.805,1,0.0359,0.199,8.62e-06,0.156,0.37,172.08,7fveJ3pk1eSfxBdVkzdXZ0,181621
5js0S06HeHofz7ZtlXV7In,Baby Don't Hurt Me,"David Guetta, Anne-Marie & Coi Leray",0.747,0.712,9,-7.044,0,0.045,0.0753,0.799,0.145,0.38,127.993,5js0S06HeHofz7ZtlXV7In,188467
67gUqq3wVAztSquOpNZ4Xs,Popular,"The Weeknd, Playboi Carti & Madonna",0.849,0.681,1,-6.306,1,0.201,0.0468,4.13e-05,0.439,0.831,99.029,67gUqq3wVAztSquOpNZ4Xs,215467
7l6nGz4gp6HGs5Cvmdeqe4,Fight The Feeling,Rod Wave,0.634,0.538,0,-9.213,1,0.0603,0.0514,0.0,0.099,0.152,168.029,7l6nGz4gp6HGs5Cvmdeqe4,160714
5BmB3OaQyYXCqRyN8iR2Yi,Slut Me Out,NLE Choppa,0.938,0.606,6,-6.396,0,0.419,0.117,0.0,0.528,0.706,121.108,5BmB3OaQyYXCqRyN8iR2Yi,123673
5XpwulllkqoHEk0jpwvRlJ,Paybach,Gunna,0.653,0.583,0,-4.462,0,0.348,0.465,0.0,0.193,0.846,82.63,5XpwulllkqoHEk0jpwvRlJ,173533
7uSLF2yhpjLlYBLtyPX3Lb,Plebada,El Alfa x Peso Pluma,0.847,0.988,9,-0.517,1,0.103,0.283,0.000942,0.345,0.699,115.057,7uSLF2yhpjLlYBLtyPX3Lb,223174
4Bee3PcNdfeqO1B80dDgFn,Save Me,Jelly Roll With Lainey Wilson,0.564,0.612,0,-5.018,1,0.0248,0.382,0.0,0.11,0.146,83.03,4Bee3PcNdfeqO1B80dDgFn,237493
4JdSXF2p71cr8uCY3UiJM0,Fragil,Yahritza y Su Esencia x Grupo Frontera,0.605,0.726,6,-4.515,1,0.0309,0.365,0.0,0.112,0.393,149.918,4JdSXF2p71cr8uCY3UiJM0,160518
4JdSXF2p71cr8uCY3UiJM0,Frágil,Yahritza Y Su Esencia,0.605,0.726,6,-4.515,1,0.0309,0.365,0.0,0.112,0.393,149.918,4JdSXF2p71cr8uCY3UiJM0,160518
3AAY8YicetRPlDAkibHLiS,Jaded,Miley Cyrus,0.496,0.593,4,-5.154,1,0.0285,0.0476,0.0,0.0909,0.177,91.038,3AAY8YicetRPlDAkibHLiS,185933
58cMDjQSUdWJUgFmHxRhjt,ICU,Coco Jones,0.584,0.453,8,-6.682,1,0.0661,0.753,0.0,0.111,0.328,124.913,58cMDjQSUdWJUgFmHxRhjt,241624
103u49mLoJUge83B1CnLxI,Truck Bed,HARDY,0.662,0.77,0,-4.887,1,0.0367,0.0875,0.0,0.35,0.769,132.057,103u49mLoJUge83B1CnLxI,167535
2YVlDlk2zRceefo6XlC6DX,Ain't That Some,Morgan Wallen,0.641,0.803,6,-5.781,0,0.0286,0.00232,3.86e-06,0.361,0.671,121.086,2YVlDlk2zRceefo6XlC6DX,158004
3FhZPYvMGSjFc6boVYKlCv,Shake Sumn,DaBaby,0.783,0.768,11,-8.471,0,0.157,0.00198,0.0,0.171,0.267,143.071,3FhZPYvMGSjFc6boVYKlCv,124806
4FWbsd91QSvgr1dSWwW51e,Trustfall,P!nk,0.636,0.888,8,-3.889,1,0.0945,0.00162,0.000216,0.147,0.25,122.032,4FWbsd91QSvgr1dSWwW51e,237200
26b3oVLrRUaaybJulow9kz,People,Libianca,0.573,0.422,10,-7.621,0,0.0678,0.551,1.31e-05,0.102,0.693,124.357,26b3oVLrRUaaybJulow9kz,184791
6YD8EpsddOfEwAhaymGu0Q,Go Crazy,Gunna,0.827,0.541,6,-7.109,1,0.0539,0.516,0.0,0.107,0.584,132.988,6YD8EpsddOfEwAhaymGu0Q,173360
5RcxRGvmYai7kpFSfxe5GY,Chanel,Becky G & Peso Pluma,0.852,0.675,2,-5.738,1,0.0363,0.397,0.00317,0.0905,0.528,132.005,5RcxRGvmYai7kpFSfxe5GY,201993
1vvcEHQdaUTvWt0EIUYcFK,"Angel, Pt. 1","Kodak Black, NLE Choppa, Jimin, JVKE & Muni Long",0.715,0.681,10,-4.25,0,0.113,0.129,0.0,0.152,0.277,84.924,1vvcEHQdaUTvWt0EIUYcFK,175802
2DPqR0kuZVjrOF5oxIRYPy,Girl In Mine,Parmalee,0.459,0.682,8,-4.235,1,0.0464,0.167,0.0,0.11,0.887,201.831,2DPqR0kuZVjrOF5oxIRYPy,155120
0JmnkIqdlnUzPaf8sqBRs3,Moonlight,Kali Uchis,0.642,0.706,7,-6.872,0,0.052,0.518,0.0,0.25,0.896,136.851,0JmnkIqdlnUzPaf8sqBRs3,187723
44FzVABpR2cciquTqADA0D,Classy 101,Feid x Young Miko,0.82,0.446,7,-7.553,1,0.213,0.466,0.0,0.13,0.831,81.01,44FzVABpR2cciquTqADA0D,159307
1hS8xbWKEifaf0VuFpIY69,Bluffin,Gucci Mane & Lil Baby,0.678,0.483,1,-7.956,1,0.422,0.00361,0.0,0.109,0.12,160.156,1hS8xbWKEifaf0VuFpIY69,148302
0pJO1tc1GpnxFyQp6Zp82r,Gorilla ,Little Simz,0.716,0.813,5,-5.748,1,0.256,0.269,0.0,0.104,0.682,90.418,0pJO1tc1GpnxFyQp6Zp82r,245820
7MyeLS0npsGu18Oj2U0dp9,Attention For It Radiates,Ian William Craig,0.063,0.417,6,-17.689,0,0.0705,0.942,0.974,0.159,0.038,56.664,7MyeLS0npsGu18Oj2U0dp9,519293
2EPi4anyxVjKTcJwPtntjM,Leave It Alone (Remix),Viking Ding Dong x Ravi B,0.361,0.857,5,-9.079,1,0.0449,0.000174,0.0154,0.396,0.468,99.061,2EPi4anyxVjKTcJwPtntjM,124427
2w7MGuFvgpc7UXSf0ZLLC0,Middle of a Heart ,Adeem the Artist,0.624,0.474,3,-6.704,1,0.0412,0.652,0.000106,0.107,0.272,84.053,2w7MGuFvgpc7UXSf0ZLLC0,240840
5UESpuA78cd0mYIdu7CKq4,Shakedhat,"Zahsosaa, D STURDY & DJ Crazy",0.597,0.507,5,-11.673,0,0.392,0.00104,0.0199,0.165,0.117,165.109,5UESpuA78cd0mYIdu7CKq4,160976
2Tv98WrbvTsQfa2xH5OSwO,If You Only Knew,Gabriels,0.296,0.363,10,-8.506,1,0.048,0.708,0.0874,0.609,0.284,180.073,2Tv98WrbvTsQfa2xH5OSwO,252136
1HJXdfuWc6IlKBMLtITaHD,SMiLE,DOMi & JD BECK,0.774,0.512,10,-11.061,0,0.0453,0.753,0.939,0.105,0.709,96.028,1HJXdfuWc6IlKBMLtITaHD,191361
0WtM2NBVQNNJLh6scP13H8,Calm Down,Rema,0.801,0.806,11,-5.206,1,0.0381,0.382,0.000669,0.114,0.802,106.999,0WtM2NBVQNNJLh6scP13H8,239318
2aQFOiBluW27W0QgX8OyT0,milk crates,Pigeon Pit,0.359,0.866,5,-4.943,1,0.149,0.202,0.0,0.103,0.785,181.024,2aQFOiBluW27W0QgX8OyT0,178560
2phdhdIaCUVJgxuRVP2N18,Angel Band (Jubilee Version),Tyler Childers,0.388,0.453,2,-5.643,1,0.0253,0.323,0.000427,0.217,0.294,138.115,2phdhdIaCUVJgxuRVP2N18,372160
7ARHvtcRfi0IyYNItnAR1U,Human Kind,Straw Man Army,0.45,0.816,9,-7.384,0,0.0587,0.415,0.054,0.336,0.688,171.756,7ARHvtcRfi0IyYNItnAR1U,115043
0leCG4CC25NRMXOxQ2Jmti,Quien encendió la luz,Guitarricadelafuente,0.631,0.63,6,-8.347,0,0.116,0.544,2.92e-05,0.196,0.436,101.187,0leCG4CC25NRMXOxQ2Jmti,206270
16GIRXYEMRhfjP6H9fRCib,Night Shift,Mary Halvorson,0.515,0.687,0,-10.081,1,0.0353,0.268,0.721,0.066,0.413,117.718,16GIRXYEMRhfjP6H9fRCib,352843
6Jx6VW69DwGav5Pb0jl7BU,Dodinin,Leyla McCalla,0.742,0.746,11,-7.294,0,0.0504,0.606,0.000685,0.0806,0.767,134.905,6Jx6VW69DwGav5Pb0jl7BU,208507
06yIpfgaNLWjXNWDdWnCV2,Bleed Out,The Mountain Goats,0.885,0.443,2,-10.918,1,0.0408,0.202,0.0832,0.097,0.958,113.69,06yIpfgaNLWjXNWDdWnCV2,429213
0a4MMyCrzT0En247IhqZbD,Hype Boy,NewJeans,0.593,0.935,4,-3.43,0,0.225,0.268,0.0,0.286,0.783,99.976,0a4MMyCrzT0En247IhqZbD,179027
1BUWbJwPCBcTLiQBE5gBdI,Feminina,Joyce,0.602,0.966,4,-5.835,0,0.0681,0.14,3.45e-06,0.108,0.845,119.561,1BUWbJwPCBcTLiQBE5gBdI,228467
1rrqJ9QkOBYJlsZgqqwxgB,Rush,Ayra Starr,0.792,0.503,1,-8.044,1,0.0626,0.0369,0.00057,0.0959,0.381,99.97,1rrqJ9QkOBYJlsZgqqwxgB,185093
3X2Aw6bQ7TfMMKsTzjTlDg,Waterfall,Disclosure feat. RAYE,0.691,0.733,11,-6.887,0,0.0572,0.0212,5.61e-05,0.0894,0.834,128.038,3X2Aw6bQ7TfMMKsTzjTlDg,232120
1NY9g5OFUoezXeTveFYWSM,POF,Ari Lennox,0.676,0.483,10,-8.5,0,0.14,0.311,0.0,0.11,0.447,83.05,1NY9g5OFUoezXeTveFYWSM,220612
3qQbCzHBycnDpGskqOWY0E,Ella Baila Sola,Eslabon Armado,0.668,0.758,5,-5.176,0,0.0332,0.483,1.89e-05,0.0837,0.834,147.989,3qQbCzHBycnDpGskqOWY0E,165671
6pD0ufEQq0xdHSsRbg9LBK,un x100to,Grupo Frontera,0.569,0.724,6,-4.076,0,0.0474,0.228,0.0,0.27,0.562,83.118,6pD0ufEQq0xdHSsRbg9LBK,194563
4DHcnVTT87F0zZhRPYmZ3B,Flowers,Miley Cyrus,0.707,0.681,0,-4.325,1,0.0668,0.0632,5.15e-06,0.0322,0.646,117.999,4DHcnVTT87F0zZhRPYmZ3B,200455
4Dvkj6JhhA12EX05fT7y2e,As It Was,Harry Styles,0.52,0.731,6,-5.338,0,0.0557,0.342,0.00101,0.311,0.662,173.93,4Dvkj6JhhA12EX05fT7y2e,167303
0WCxpmafw3tOlUmiilGbsy,LADY GAGA,Peso Pluma,0.646,0.736,5,-7.118,0,0.0449,0.216,0.0,0.415,0.873,140.098,0WCxpmafw3tOlUmiilGbsy,212878
2FDTHlrBguDzQkp7PVj16Q,Sprinter,Dave,0.916,0.583,1,-8.067,1,0.241,0.186,0.0,0.0798,0.661,141.095,2FDTHlrBguDzQkp7PVj16Q,226383
2NFadq6pUeiVEihLvUlOSr,"Rauw Alejandro: Bzrp Music Sessions, Vol. 56",Bizarrap,0.784,0.646,11,-3.626,1,0.0491,0.0978,1.09e-06,0.255,0.592,127.942,2NFadq6pUeiVEihLvUlOSr,204048
1UMm1Qs3u59Wvk53zBUE8r,SABOR FRESA,Fuerza Regida,0.785,0.863,7,-4.599,0,0.0893,0.0883,0.0,0.0929,0.962,130.132,1UMm1Qs3u59Wvk53zBUE8r,156501
6XSqqQIy7Lm7SnwxS4NrGx,Classy 101,Feid,0.859,0.658,11,-4.79,1,0.159,0.145,0.0,0.12,0.672,100.065,6XSqqQIy7Lm7SnwxS4NrGx,195987
4I1OcJiqk279qLaI2OAecB,LUNA,Peso Pluma,0.747,0.629,9,-8.509,0,0.0363,0.328,0.00409,0.154,0.793,127.819,4I1OcJiqk279qLaI2OAecB,163552
0RiRZpuVRbi7oqRdSMwhQY,Sunflower - Spider-Man: Into the Spider-Verse,Post Malone,0.755,0.522,2,-4.368,1,0.0575,0.533,0.0,0.0685,0.925,89.96,0RiRZpuVRbi7oqRdSMwhQY,157560
1Hs1uUl8o2VtDp1DABFq0O,Los del Espacio,LIT killah,0.813,0.682,0,-3.598,1,0.0402,0.107,0.0,0.108,0.634,120.011,1Hs1uUl8o2VtDp1DABFq0O,338000
5XeFesFbtLpXzIVDNQP22n,I Wanna Be Yours,Arctic Monkeys,0.464,0.417,0,-9.345,0,0.0256,0.136,0.022,0.0974,0.479,67.528,5XeFesFbtLpXzIVDNQP22n,183956
4PA1wK0leCjmRZlP5dQ8Lv,El Cielo,Sky Rompiendo,0.715,0.642,10,-7.492,0,0.0515,0.0687,0.0,0.0997,0.169,105.964,4PA1wK0leCjmRZlP5dQ8Lv,191321
1daDRI9ahBonbWD8YcxOIB,Angels Like You,Miley Cyrus,0.672,0.642,5,-4.035,1,0.0313,0.0981,0.0,0.1,0.494,121.981,1daDRI9ahBonbWD8YcxOIB,196453
4uUG5RXrOk84mYEfFvj3cK,I'm Good (Blue),David Guetta,0.561,0.965,7,-3.673,0,0.0343,0.00383,7.07e-06,0.371,0.304,128.04,4uUG5RXrOk84mYEfFvj3cK,175238
3Ua0m0YmEjrMi9XErKcNiR,Like Crazy,Jimin,0.629,0.733,7,-5.445,1,0.0419,0.0025,0.0,0.357,0.362,120.001,3Ua0m0YmEjrMi9XErKcNiR,212241
2LBqCSwhJGcFQeTHMVGwy3,Die For You,The Weeknd,0.586,0.525,1,-7.163,0,0.0615,0.111,0.0,0.134,0.508,133.629,2LBqCSwhJGcFQeTHMVGwy3,260253
1p80LdxRV74UKvL8gnD7ky,Blank Space,Taylor Swift,0.753,0.678,5,-5.421,1,0.0644,0.085,1.64e-06,0.13,0.583,96.006,1p80LdxRV74UKvL8gnD7ky,231827
4W4fNrZYkobj539TOWsLO2,Die For You (with Ariana Grande) - Remix,The Weeknd,0.575,0.5,1,-7.594,0,0.0707,0.227,0.0,0.335,0.506,67.033,4W4fNrZYkobj539TOWsLO2,232857
741UUVE2kuITl0c6zuqqbO,Barbie World (with Aqua) [From Barbie The Album],Nicki Minaj,0.77,0.58,0,-8.393,1,0.247,0.519,0.000127,0.233,0.753,144.072,741UUVE2kuITl0c6zuqqbO,109750
609E1JCInJncactoMmkDon,BESO,ROSALÍA,0.768,0.644,5,-6.671,0,0.136,0.736,0.000837,0.173,0.53,95.05,609E1JCInJncactoMmkDon,194543
4h9wh7iOZ0GGn8QVp4RAOB,I Ain't Worried,OneRepublic,0.704,0.797,0,-5.927,1,0.0475,0.0826,0.000745,0.0546,0.825,139.994,4h9wh7iOZ0GGn8QVp4RAOB,148486
0fABszUFNbNq9IW503Gj8v,Tá OK,DENNIS,0.863,0.96,11,-1.458,1,0.0492,0.497,0.00526,0.0853,0.586,130.118,0fABszUFNbNq9IW503Gj8v,92093
7MXVkk9YMctZqd1Srtv4MB,Starboy,The Weeknd,0.679,0.587,7,-7.015,1,0.276,0.141,6.35e-06,0.137,0.486,186.003,7MXVkk9YMctZqd1Srtv4MB,230453
6WzRpISELf3YglGAh7TXcG,Popular (with Playboi Carti & Madonna) - Music from the HBO Original Series,The Weeknd,0.855,0.678,1,-6.276,1,0.189,0.0569,3.69e-05,0.412,0.852,99.029,6WzRpISELf3YglGAh7TXcG,215467
4lIxdJw6W3Fg4vUIYCB0S5,Style,Taylor Swift,0.598,0.786,2,-5.572,1,0.0383,0.00253,0.0016,0.117,0.456,95.019,4lIxdJw6W3Fg4vUIYCB0S5,231000
5IAESfJjmOYu7cHyX557kz,Take Two,BTS,0.617,0.589,7,-5.978,1,0.0345,0.0268,0.0,0.378,0.566,92.991,5IAESfJjmOYu7cHyX557kz,229953
3JvKfv6T31zO0ini8iNItO,Another Love,Tom Odell,0.445,0.537,4,-8.532,0,0.04,0.695,1.65e-05,0.0944,0.131,122.769,3JvKfv6T31zO0ini8iNItO,244360
4FAKtPVycI4DxoOHC01YqD,Yandel 150,Yandel,0.783,0.729,6,-3.549,0,0.0691,0.0492,0.000272,0.1,0.58,167.968,4FAKtPVycI4DxoOHC01YqD,216148
3tt9i3Hhzq84dPS8H7iSiJ,La Bachata,Manuel Turizo,0.835,0.679,7,-5.329,0,0.0364,0.583,1.98e-06,0.218,0.85,124.98,3tt9i3Hhzq84dPS8H7iSiJ,162638
